age,gender,height,weight,ap_hi,ap_lo,smoke,alco,active,cholesterol_2,cholesterol_3,gluc_2,gluc_3
0.28987277105109394,0.0032545471783739653,0.024789813789974698,0.1066847159660298,0.796495076720428,0.13382854466737523,0.028263806632454386,0.012011813828964242,0.07414866683831003,0.057042169298026114,0.17268490301437603,0.006583142664494966,0.027255962408907677
0.2668591736717405,0.017611663163032247,0.0309233672536945,0.115193026154177,0.8542954081639709,0.08803282546778761,0.02300058886561613,0.017142661014923094,0.06255059755655204,0.059614186984843845,0.16535531340386453,0.00598089787819314,0.029712809817537395
0.2828124886019344,0.03142711665773437,0.026269436309264697,0.12091961912831937,0.8502451122380522,0.07711901610811331,0.014948096092237588,0.015316281496203572,0.06386277424295198,0.052811812932188916,0.16937657534758443,0.005974607140176841,0.02767573001168067
0.2731917126334625,0.008220389707655934,0.035657840553554275,0.11740119111899505,0.8635529138276752,0.07296282796047622,0.015445289762967936,0.017285184314618274,0.05676270318219099,0.05769805975931117,0.17791678366501765,0.009495020443672758,0.03569305680965929
0.27627675422790526,0.01211414084978369,0.02175228999403896,0.10629472987366242,0.8704545063208575,0.06175952135514296,0.01436160546873903,0.022179207778201142,0.06370550842590515,0.06488640306968041,0.16993502933586035,0.006440029775510278,0.027201894967461
0.27734474455773095,0.007300333114653051,0.028234839565767694,0.11261541146525411,0.8844710776718867,0.08593331376010384,0.011454609643406267,0.02386781166981388,0.06071708451375825,0.05151016415167756,0.15753998124238386,0.005009947082565145,0.03280066849410027
0.25707093471012155,0.01719395329306371,0.02404889944225296,0.11383626220381877,0.8451364087961524,0.1174249389963537,0.019402977797845243,0.018786188746356566,0.0680959850829194,0.05690726343905334,0.1702314231882605,0.00607725157805909,0.03357650173741786
0.2861382952341272,0.010063719648539343,0.029343770449278578,0.10997028187274241,0.870041436215411,0.08378125332935993,0.026231456607902066,0.010129879607311038,0.05029287120119008,0.05365941418754275,0.1629498252070625,0.0054086813606653355,0.02911884512617253
0.28812106441548385,0.013346216395333328,0.03280008486018275,0.10664323922675109,0.8325241260697658,0.09772635564710366,0.0209985412491784,0.021224775055307236,0.05493298516191837,0.05480271586005109,0.16436190136240444,0.0031034562694720303,0.027726567881308294
0.2767279078248558,0.011232192967888487,0.02470599157815126,0.09743603915317597,0.8586377898259807,0.08437720157484795,0.01209617862727313,0.009369525549499366,0.06316131771073859,0.0618796276770145,0.16787961614425942,0.007403869968900212,0.03368786802789092
