male,age,education,currentSmoker,cigsPerDay,BPMeds,prevalentStroke,prevalentHyp,diabetes,totChol,sysBP,diaBP,BMI,heartRate,glucose
0.29380751823497914,0.6788162227178902,0.04695963872494023,0.04481929252220443,0.21362447680748198,0.03169389283199299,0.010772503957281989,0.12900589264475218,0.028932397832294444,0.16536681340273243,0.263770443907828,0.17992047764889033,0.25787734523768957,0.074099051370179,0.12604124360142321
0.17809726765846406,0.7373768151835842,0.05023610331361567,0.028921820461899703,0.2785611894187865,0.03750156608430661,0.010780613542344065,0.19091539092396184,0.034873697037022144,0.2163662220193945,0.3459789483587937,0.15792795944237886,0.3149003322056612,0.15194052542937314,0.2495356269704841
0.14652878883092196,0.567039500330309,0.10667181835827481,0.021336635406195032,0.1872005448189183,0.03658939566006418,0.010660409643970959,0.16907181433608467,0.025862448215395795,0.18175696208308215,0.20563211102639029,0.09357587882781507,0.2030410160269087,0.11825826264728852,0.08855802453101845
0.06669657322669638,0.8990145255662183,0.060889587932230156,0.07968835324354828,0.3639452997276738,0.009174907983899836,0.027564230837196165,0.20956116440481357,0.009838426600901963,0.2943493724951719,0.3523067154459852,0.2306870510032518,0.34653526964516307,0.31044464748516687,0.2325988408169136
0.08258098195285497,0.5880225731524443,0.06630035078583199,0.03150786154379927,0.32400190934779044,0.031238810690154037,0.017904176299744425,0.19658207947890963,0.013696836168715218,0.13033840387400644,0.17884030136982215,0.08022767040374872,0.16553407843940104,0.12074348126528099,0.15102966809476664
0.19313446920419192,0.6669738543456434,0.09428358255307398,0.012727410236204141,0.19726295299349664,0.03473488086945838,0.012680188593540193,0.17188906738308676,0.01848422794561396,0.23495065570393162,0.17128447098273294,0.1934812171912624,0.19165156883436282,0.24460933617955438,0.14160945728852492
0.13934656727425573,0.5778427244714933,0.040888925026129896,0.023373999478611,0.19012138432562498,0.015645125020417344,0.019129372780422465,0.20096224190918785,0.028230322632916423,0.13965966929948226,0.12428973140674617,0.13299397648215147,0.15190744267478398,0.10135296446764006,0.10735152141995226
0.2003574992947542,0.6249144298841431,0.1525950654382103,0.06194725297065483,0.24598187794618243,0.013208847635839174,0.016758311417679188,0.20380681135201617,0.03316620799175511,0.26895085733517254,0.2985823016093584,0.16169001093335666,0.3906665633719549,0.13701080597186416,0.20249729419483425
0.25720451068041206,0.6937481093284695,0.01738512195132651,0.07507341226803972,0.32454307651631087,0.035173658523505395,0.017348912480865154,0.15525322005214937,0.04205364538116942,0.2936418732880477,0.4296529267704877,0.2731884539552041,0.3125385867072805,0.21895646548614792,0.20982893218162565
0.08474668941073898,0.7970890433363441,0.1140513233209518,0.03829789004450748,0.37864322682943974,0.04515701108248001,0.012461358204736494,0.13158501452227184,0.045748954726992266,0.24624719419370245,0.29825155132539144,0.15504683351834408,0.3888192481448233,0.13571161678724106,0.18006546793651537
